POLARIS_REF,GW_REF,ENTITY,RECON_STATUS,DELTA_PENCE,NOTES
P95645643143X,CLM327485941,Invoice,ORPHAN,9944,pence variance accepted per finance memo
P91332915674B,PTY236289493,Invoice,MATCHED,0,manual journal posted
P73836472997X,POL674596408,ABContact,DUPE,-6805,
P47265077061X,POL565763131,Claim,MATCHED,0,wave rolled back and re-run
P32148546478A,PTY920934462,Invoice,MATCHED,0,manual journal posted
P55837858504X,CLM916687932,Claim,MATCHED,0,wave rolled back and re-run
P55368301033A,PTY911720717,ABContact,MATCHED,0,see INC-2799
P20125041362B,POL294043975,PolicyPeriod,MATCHED,0,pence variance accepted per finance memo
P71938268672B,PTY265017763,Claim,MATCHED,0,
P19765803732A,PTY637613487,PolicyPeriod,MATCHED,0,
P62993293509A,POL433025074,PolicyPeriod,MATCHED,0,pence variance accepted per finance memo
P23698326499C,CLM395335923,PolicyPeriod,MATCHED,0,manual journal posted
P42488514727A,CLM372997387,ABContact,MATCHED,0,pence variance accepted per finance memo
P67415134184A,PTY540541566,Invoice,ORPHAN,5206,see INC-16634
P72779233765A,POL590104482,Invoice,ORPHAN,9054,see DEF-30935
P41318826727B,CLM256188067,ABContact,MATCHED,0,see PRB-21084
P22547048089X,CLM464553780,ABContact,MATCHED,0,pence variance accepted per finance memo
P82625898902C,PTY404459579,ABContact,MATCHED,0,wave rolled back and re-run
P92937022199B,PTY262095743,Invoice,WRITTEN_OFF,7795,manual journal posted
P33414797473A,PTY610744626,ABContact,MATCHED,0,manual journal posted
P89874982784C,PTY158867782,ABContact,MATCHED,0,see DEF-12351
P78662647009B,POL513814868,Claim,MATCHED,0,
P30961599968C,PTY234295880,ABContact,MATCHED,0,see DEF-11941
P23299958793X,CLM733277391,PolicyPeriod,ORPHAN,8279,pence variance accepted per finance memo
P33186116041B,POL658067893,PolicyPeriod,MATCHED,0,
P35597104049C,POL601850389,PolicyPeriod,MATCHED,0,wave rolled back and re-run
P93171100355C,POL487911788,Claim,MATCHED,0,
P53521409327X,CLM123756780,PolicyPeriod,DUPE,8914,wave rolled back and re-run
P38966987762B,CLM207961672,ABContact,MATCHED,0,see GWPC-28965
P49691292969A,POL993568569,Claim,MATCHED,0,pence variance accepted per finance memo
P13280571222A,POL420265361,PolicyPeriod,MATCHED,0,
P46793129218X,CLM220696293,Claim,ORPHAN,7120,
P44435597579A,PTY684341657,Invoice,MATCHED,0,
P73985603193A,CLM752399356,Claim,ORPHAN,4282,manual journal posted
P46438048831C,POL865368769,Invoice,DUPE,6397,manual journal posted
P53828711083B,POL302682358,Claim,MATCHED,0,see REG-8230
P50883387580C,POL988988752,Invoice,MATCHED,0,see GWBC-34002
P18131243401B,POL404034182,Invoice,DUPE,4054,
P58629942393B,CLM817544009,PolicyPeriod,DUPE,-5721,pence variance accepted per finance memo
P54714179467A,POL264679015,Claim,DUPE,-4019,manual journal posted
P38658897863X,POL674648347,PolicyPeriod,DUPE,9925,manual journal posted
P70522523832B,POL356593235,PolicyPeriod,MATCHED,0,manual journal posted
P98158075892X,PTY183634477,Claim,MATCHED,0,wave rolled back and re-run
P81714776897X,POL211386623,Claim,WRITTEN_OFF,7093,manual journal posted
P58455019893C,POL710591260,ABContact,MATCHED,0,
P81953304138B,CLM207437583,ABContact,MATCHED,0,manual journal posted
P35110519911X,POL128499879,ABContact,MATCHED,0,pence variance accepted per finance memo
P88625088141X,CLM497908090,Claim,ORPHAN,417,wave rolled back and re-run
P58652254142C,POL967387250,Invoice,WRITTEN_OFF,-6491,
P30091563083C,PTY559611716,Claim,MATCHED,0,manual journal posted
P17128904998B,PTY535692006,Claim,FIXED_BY_SQL,-4462,manual journal posted
P18433334844X,PTY213258435,PolicyPeriod,MATCHED,0,wave rolled back and re-run
P54936365248X,POL684499318,ABContact,MATCHED,0,see GWBC-43141
P46591914853X,PTY378795464,Invoice,ORPHAN,-6607,pence variance accepted per finance memo
P29789736817A,PTY749310216,ABContact,MATCHED,0,pence variance accepted per finance memo
P70269932558X,POL609034017,PolicyPeriod,ORPHAN,8406,pence variance accepted per finance memo
P52890686388B,CLM159142267,Claim,MATCHED,0,pence variance accepted per finance memo
P50736575050X,CLM961348251,Invoice,DUPE,8619,pence variance accepted per finance memo
P84760776622B,PTY540574152,Claim,MATCHED,0,manual journal posted
P25656826187C,PTY774546029,Claim,MATCHED,0,pence variance accepted per finance memo
P28811060133X,CLM286413531,Invoice,DUPE,1545,manual journal posted
P81785728942A,CLM737587698,ABContact,MATCHED,0,
P36965383326C,POL291164171,ABContact,DUPE,-5808,
P39269631673A,CLM110281806,PolicyPeriod,MATCHED,0,wave rolled back and re-run
P75787987081B,PTY144793007,Claim,DUPE,5322,manual journal posted
P50771632131X,PTY475686827,Invoice,MATCHED,0,pence variance accepted per finance memo
P90744595132C,CLM436414946,Invoice,MATCHED,0,pence variance accepted per finance memo
P71232353632B,PTY650684033,PolicyPeriod,MATCHED,0,
P17870183836X,PTY711836360,PolicyPeriod,MATCHED,0,see AGI-17463
P41750017871A,POL647197478,Claim,ORPHAN,-1473,manual journal posted
P56055328588X,CLM110333445,Invoice,MATCHED,0,wave rolled back and re-run
P59380069150C,CLM599992281,Claim,MATCHED,0,manual journal posted
P33410510355A,PTY938864392,PolicyPeriod,ORPHAN,-9127,wave rolled back and re-run
P64359916667B,CLM877010480,Invoice,DUPE,2888,wave rolled back and re-run
P18792338035X,CLM111225703,ABContact,MATCHED,0,see AGI-39403
P94975582891B,CLM719474675,PolicyPeriod,MATCHED,0,
P87783492420A,POL287186824,Invoice,MATCHED,0,see GWPC-47208
P74066037710A,POL144159304,Invoice,MATCHED,0,
P41057002273B,CLM408417457,PolicyPeriod,MATCHED,0,wave rolled back and re-run
P34634318230C,POL216801040,Invoice,MATCHED,0,see CM-19091
P29625013152X,CLM989802670,Invoice,ORPHAN,3063,
P19896258180X,PTY318927310,Claim,DUPE,8306,wave rolled back and re-run
P86837611337X,PTY885569979,Claim,MATCHED,0,wave rolled back and re-run
P59550848040A,POL978157054,PolicyPeriod,MATCHED,0,pence variance accepted per finance memo
P28318203719X,PTY912315301,Invoice,DUPE,-7375,manual journal posted
P36116839555C,PTY871156106,ABContact,ORPHAN,9085,wave rolled back and re-run
P81433444955B,CLM389188875,Invoice,DUPE,9471,
P85482841264X,POL106226811,ABContact,MATCHED,0,wave rolled back and re-run
P37593490617B,CLM661794100,Claim,MATCHED,0,pence variance accepted per finance memo
P98522573926X,POL659961508,Claim,MATCHED,0,
P29344119839B,PTY293229545,PolicyPeriod,ORPHAN,-5738,pence variance accepted per finance memo
P83637087975C,POL643081363,Claim,DUPE,9107,see REG-6232
P96213728109B,POL794329659,Invoice,ORPHAN,-7798,pence variance accepted per finance memo
P56536134579A,CLM164945420,ABContact,MATCHED,0,pence variance accepted per finance memo
P86575631911A,POL488349922,PolicyPeriod,ORPHAN,3365,
P53929509910X,PTY446537980,Invoice,DUPE,4401,manual journal posted
P94586318912A,POL164587189,ABContact,MATCHED,0,manual journal posted
P85793313073X,POL182944010,Invoice,MATCHED,0,pence variance accepted per finance memo
P90946917174C,POL212190319,PolicyPeriod,DUPE,-159,manual journal posted
P18075236584X,POL996416401,PolicyPeriod,MATCHED,0,wave rolled back and re-run
P98297165274B,CLM403925951,ABContact,MATCHED,0,
P22762960281X,PTY313636269,Invoice,ORPHAN,6723,
P15638538849C,POL709205490,ABContact,FIXED_BY_SQL,-1719,wave rolled back and re-run
P80970646468C,PTY591256036,ABContact,MATCHED,0,manual journal posted
P52235578495B,POL973832644,ABContact,MATCHED,0,pence variance accepted per finance memo
P16370101940A,POL103837178,PolicyPeriod,MATCHED,0,pence variance accepted per finance memo
P99131985544C,POL388699509,Invoice,FIXED_BY_SQL,2392,wave rolled back and re-run
P86097723155X,POL220754431,ABContact,MATCHED,0,wave rolled back and re-run
P20844379584A,POL415338804,PolicyPeriod,ORPHAN,-7998,
