"interface_id","reviewed_specification","other_final_versions","claimed_closest_to_production","copybook","record_builder","inbound_handler","transport","volume","retry_error_handling","copybook_vs_builder_drift"
"IF-AGGR-015","IF-AGGR-015_v1.1_FINAL_reviewed_vraghu.md","6","FINAL v7","AGIAGGRRE.cpy","claimcenter/config/gsrc/albion/integration/aggr/AggrRecordBuilder.gs","claimcenter/config/gsrc/albion/integration/aggr/AggrInboundHandler.gs","Nightly SFTP; PGP","~162k/week; renewal + catastrophe-event peak","NAK queue reviewed by Norwich desktop Excel macro; automatic x3 then manual","Builder: AG84 + RiskPostcode[12] + InceptionDate[8] + InsuredSurname as cents[11] + VehicleVRM as yyyyMMdd + brand[6], padded to 512; copybook has 12 fields."
"IF-CIFAS-007","IF-CIFAS-007_v1.8_FINAL_reviewed_nchen.md","4","FINAL v2","AGICIFARE.cpy","contactmanager/modules/configuration/gsrc/albion/integration/cifas/CifasRecordBuilder.gs","contactmanager/modules/configuration/gsrc/albion/integration/cifas/CifasInboundHandler.gs","Connect:Direct","~216k/week; renewal + catastrophe-event peak","Daily ops NAK queue; automatic infinite retry","Builder: CI87 + NINO[12] + SumInsured[10] + InceptionDate as cents[15] + InsuredSurname as yyyyMMdd + brand[6], padded to 750; copybook has 14 fields."
"IF-CREDIT-014","IF-CREDIT-014_v3.0_FINAL_reviewed_vraghu.md","2","FINAL v3","AGICREDRE.cpy","billingcenter/config/gsrc/albion/integration/credit/CreditRecordBuilder.gs","billingcenter/config/gsrc/albion/integration/credit/CreditInboundHandler.gs","MQ Series AGI.CREDIT.OUT; file-drop fallback now primary","~613k/month; renewal + catastrophe-event peak","Weekly-in-theory NAK queue; automatic x3 then manual","Builder: CR61 + RiskPostcode[15] + InceptionDate[30] + PolicyNumber as cents[15] + SumInsured as yyyyMMdd + brand[6], padded to 300; copybook has 13 fields."
"IF-CRIF-016","IF-CRIF-016_v6.4_FINAL_reviewed_pnair.md","3","FINAL v1","AGICRIFRE.cpy","policycenter/config/gsrc/albion/integration/crif/CrifRecordBuilder.gs","policycenter/config/gsrc/albion/integration/crif/CrifInboundHandler.gs","Synchronous SOAP over site-to-site VPN; 8-second timeout","~415k/week; renewal + catastrophe-event peak","Daily ops NAK queue; manual retry only","Builder: CR58 + NINO[15] + VRM[30] + AnnualPremium as cents[15] + ClaimNumber as yyyyMMdd + brand[6], padded to 750; copybook has 10 fields."
"IF-CUE-002","IF-CUE-002_v3.0_FINAL_reviewed_mokeefe.md","6","FINAL v7","AGICUERE.cpy","contactmanager/modules/configuration/gsrc/albion/integration/cue/CueRecordBuilder.gs","contactmanager/modules/configuration/gsrc/albion/integration/cue/CueInboundHandler.gs","Nightly SFTP; PGP","~126k/week; renewal + catastrophe-event peak","Daily ops NAK queue; automatic infinite retry","Builder: CU86 + ERN[12] + NINO[10] + AnnualPremium as cents[11] + SumInsured as yyyyMMdd + brand[6], padded to 400; copybook has 9 fields."
"IF-DVLA-006","IF-DVLA-006_v4.2_FINAL_reviewed_pnair.md","2","FINAL v1","AGIDVLARE.cpy","contactmanager/modules/configuration/gsrc/albion/integration/dvla/DvlaRecordBuilder.gs","contactmanager/modules/configuration/gsrc/albion/integration/dvla/DvlaInboundHandler.gs","MQ Series AGI.DVLA.OUT; file-drop fallback now primary","~335k/month; renewal + catastrophe-event peak","NAK queue reviewed when remembered; automatic infinite retry","Builder: DV29 + InceptionDate[12] + SumInsured[8] + RiskPostcode as cents[13] + ERN as yyyyMMdd + brand[6], padded to 400; copybook has 13 fields."
"IF-DWH-012","IF-DWH-012_v5.4_FINAL_reviewed_dwhitf.md","5","FINAL v7","AGIDWHRE.cpy","policycenter/config/gsrc/albion/integration/dwh/DwhRecordBuilder.gs","policycenter/config/gsrc/albion/integration/dwh/DwhInboundHandler.gs","Connect:Direct","~429k/day; renewal + catastrophe-event peak","Norwich desktop Excel-macro NAK queue; automatic infinite retry","Builder: DW21 + SumInsured[15] + PolicyNumber[10] + NINO as cents[13] + ERN as yyyyMMdd + brand[6], padded to 300; copybook has 14 fields."
"IF-ELTO-003","IF-ELTO-003_v7.7_FINAL_reviewed_kmbeki.md","2","FINAL v1","AGIELTORE.cpy","claimcenter/config/gsrc/albion/integration/elto/EltoRecordBuilder.gs","claimcenter/config/gsrc/albion/integration/elto/EltoInboundHandler.gs","Synchronous SOAP over site-to-site VPN; 8-second timeout","~525k/month; renewal + catastrophe-event peak","Norwich desktop Excel-macro NAK queue; manual retry only","Builder: EL82 + InceptionDate[15] + UPRN[8] + NINO as cents[13] + ERN as yyyyMMdd + brand[6], padded to 400; copybook has 11 fields."
"IF-FLOODRE-004","IF-FLOODRE-004_v4.5_FINAL_reviewed_svenkat.md","5","FINAL v4","AGIFLOORE.cpy","billingcenter/config/gsrc/albion/integration/floodre/FloodreRecordBuilder.gs","billingcenter/config/gsrc/albion/integration/floodre/FloodreInboundHandler.gs","MQ Series AGI.FLOODRE.OUT; file-drop fallback now primary","~140k/week; renewal + catastrophe-event peak","NAK queue reviewed when remembered; automatic infinite retry","Builder: FL61 + ClaimNumber[10] + InceptionDate[8] + SumInsured as cents[11] + NINO as yyyyMMdd + brand[6], padded to 600; copybook has 9 fields."
"IF-IPT-008","IF-IPT-008_v6.1_FINAL_reviewed_mokeefe.md","4","FINAL v1","AGIIPTRE.cpy","claimcenter/config/gsrc/albion/integration/ipt/IptRecordBuilder.gs","claimcenter/config/gsrc/albion/integration/ipt/IptInboundHandler.gs","Connect:Direct","~437k/day; renewal + catastrophe-event peak","Daily ops NAK queue; automatic x3 then manual","Builder: IP89 + ERN[20] + PolicyNumber[30] + NINO as cents[11] + VRM as yyyyMMdd + brand[6], padded to 512; copybook has 9 fields; brandMap duplicates brand_xref.csv; negative overpunch digit 9 throws StringIndexOutOfBoundsException."
"IF-MID-001","IF-MID-001_v1.3_FINAL_reviewed_vraghu.md","5","FINAL v5","AGIMIDRE.cpy","billingcenter/config/gsrc/albion/integration/mid/MidRecordBuilder.gs","billingcenter/config/gsrc/albion/integration/mid/MidInboundHandler.gs","Nightly SFTP; PGP","~743k/day; renewal + catastrophe-event peak","Weekly-in-theory NAK queue; automatic x3 then manual","Builder: MI56 + PolicyNumber[12] + AnnualPremium[8] + UPRN as cents[13] + SumInsured as yyyyMMdd + brand[6], padded to 600; copybook has 9 fields."
"IF-PAYHUB-010","IF-PAYHUB-010_v3.9_FINAL_reviewed_svenkat.md","6","FINAL v1","AGIPAYHRE.cpy","contactmanager/modules/configuration/gsrc/albion/integration/payhub/PayhubRecordBuilder.gs","contactmanager/modules/configuration/gsrc/albion/integration/payhub/PayhubInboundHandler.gs","Connect:Direct","~709k/week; renewal + catastrophe-event peak","Weekly-in-theory NAK queue; automatic infinite retry","Builder: PA15 + InsuredSurname[15] + VRM[8] + UPRN as cents[13] + ClaimNumber as yyyyMMdd + brand[6], padded to 750; copybook has 12 fields."
"IF-POLARIS_MF-009","IF-POLARIS_MF-009_v5.7_FINAL_reviewed_mokeefe.md","3","FINAL v7","AGIPOLARE.cpy","contactmanager/modules/configuration/gsrc/albion/integration/polaris_mf/PolarisMfRecordBuilder.gs","contactmanager/modules/configuration/gsrc/albion/integration/polaris_mf/PolarisMfInboundHandler.gs","Connect:Direct","~185k/month; renewal + catastrophe-event peak","Daily ops NAK queue; automatic infinite retry","Builder: PO99 + InsuredSurname[12] + VRM[30] + ClaimNumber as cents[15] + InceptionDate as yyyyMMdd + brand[6], padded to 512; copybook has 13 fields; negative overpunch digit 9 throws StringIndexOutOfBoundsException."
"IF-PRINTV-011","IF-PRINTV-011_v7.8_FINAL_reviewed_gwoffshore.md","3","FINAL v7","AGIPRINRE.cpy","contactmanager/modules/configuration/gsrc/albion/integration/printv/PrintvRecordBuilder.gs","contactmanager/modules/configuration/gsrc/albion/integration/printv/PrintvInboundHandler.gs","Synchronous SOAP over site-to-site VPN; 8-second timeout","~500k/month; renewal + catastrophe-event peak","Daily ops NAK queue; automatic x3 then manual","Builder: PR16 + InsuredSurname[12] + ClaimNumber[30] + RiskPostcode as cents[15] + PolicyNumber as yyyyMMdd + brand[6], padded to 250; copybook has 12 fields."
"IF-REINS-013","IF-REINS-013_v6.6_FINAL_reviewed_akowal.md","2","FINAL v4","AGIREINRE.cpy","claimcenter/config/gsrc/albion/integration/reins/ReinsRecordBuilder.gs","claimcenter/config/gsrc/albion/integration/reins/ReinsInboundHandler.gs","Connect:Direct","~616k/month; renewal + catastrophe-event peak","Weekly-in-theory NAK queue; automatic x3 then manual","Builder: RE47 + AnnualPremium[10] + ClaimNumber[30] + ERN as cents[11] + RiskPostcode as yyyyMMdd + brand[6], padded to 600; copybook has 9 fields."
"IF-SANCTIONS-005","IF-SANCTIONS-005_v5.8_FINAL_reviewed_rpatel.md","5","FINAL v1","AGISANCRE.cpy","claimcenter/config/gsrc/albion/integration/sanctions/SanctionsRecordBuilder.gs","claimcenter/config/gsrc/albion/integration/sanctions/SanctionsInboundHandler.gs","MQ Series AGI.SANCTIONS.OUT; file-drop fallback now primary","~70k/week; renewal + catastrophe-event peak","NAK queue reviewed when remembered; manual retry only","Builder: SA37 + PolicyNumber[15] + AnnualPremium[8] + UPRN as cents[13] + RiskPostcode as yyyyMMdd + brand[6], padded to 250; copybook has 13 fields."
"IF-SSP-018","IF-SSP-018_v7.1_FINAL_reviewed_jsuther.md","4","FINAL v6","AGISSPRE.cpy","policycenter/config/gsrc/albion/integration/ssp/SspRecordBuilder.gs","policycenter/config/gsrc/albion/integration/ssp/SspInboundHandler.gs","Connect:Direct","~408k/month; renewal + catastrophe-event peak","Weekly-in-theory NAK queue; automatic x3 then manual","Builder: SS84 + ClaimNumber[15] + VRM[10] + PolicyNumber as cents[11] + AnnualPremium as yyyyMMdd + brand[6], padded to 750; copybook has 12 fields."
"IF-VERISK-017","IF-VERISK-017_v5.3_FINAL_reviewed_tlindq.md","4","FINAL v2","AGIVERIRE.cpy","policycenter/config/gsrc/albion/integration/verisk/VeriskRecordBuilder.gs","policycenter/config/gsrc/albion/integration/verisk/VeriskInboundHandler.gs","Connect:Direct","~418k/week; renewal + catastrophe-event peak","NAK queue reviewed when remembered; manual retry only","Builder: VE17 + ERN[12] + ClaimNumber[8] + InceptionDate as cents[13] + NINO as yyyyMMdd + brand[6], padded to 400; copybook has 13 fields."
